name,type,ra_h,dec_deg,dist_ly,radius_ly,abs_mag
Lindsay 1,,0.065122,-73.47186,185582.979,233.486,-7.326
47 Tuc,,0.401586,-72.08131,14742.268,406.489,-9.196
Kron 3,,0.412953,-72.79361,197650.765,145.326,-7.502
NGC 121,,0.446928,-71.53594,211675.489,205.794,-8.451
Lindsay 38,,0.813833,-69.87017,217546.304,92.908,-5.041
NGC 288,,0.879233,-26.58261,29321.458,310.37,-6.669
NGC 330,,0.938397,-72.45897,196346.139,19.434,-9.348
NGC 339,,0.962933,-74.47033,187866.074,96.146,-6.682
NGC 362,,1.053961,-70.84878,28799.608,283.56,-8.25
NGC 416,,1.133103,-72.35547,196998.452,100.478,-7.795
NGC 419,,1.138214,-72.88439,191779.95,79.996,-9.007
Lindsay 113,,1.824914,-73.72783,187539.917,203.203,-5.188
Whiting 1,,2.049167,-3.25278,99771.236,143.248,-2.808
Fornax 1,,2.61725,-34.18333,456618.929,238.115,-5.541
Fornax 3,,2.663378,-34.25794,456618.929,114.926,-7.551
NGC 1261,,3.204503,-55.21622,53489.646,450.487,-7.764
Pal 1,,3.555567,79.58105,36464.283,74.494,-1.292
AM 1,,3.917306,-49.61528,387832.549,856.519,-5.306
Eridanus,,4.412374,-21.18678,276189.221,513.044,-4.619
Reticulum,,4.603053,-58.86264,155250.436,168.611,-6.138
NGC 1651,,4.625619,-70.58633,160142.781,44.669,-6.325
Pal 2,,4.768308,31.3815,85355.124,395.726,-4.449
NGC 1755,,4.920925,-68.2056,152641.185,23.307,-8.501
NGC 1783,,4.985825,-65.98716,160468.938,77.094,-8.07
NGC 1806,,5.036389,-67.98805,160468.938,27.21,-7.46
NGC 1846,,5.126389,-67.46083,160468.938,30.412,-7.78
NGC 1850,,5.1459,-68.76242,152315.028,11.668,-8.777
NGC 1856,,5.158356,-69.12886,159164.312,8.903,-8.382
NGC 1866,,5.227403,-65.46466,163404.345,57.973,-8.969
NGC 1851,,5.235211,-40.04655,38975.687,403.423,-8.317
M 79,,5.403056,-24.52442,42661.254,215.948,-7.643
NGC 1978,,5.479086,-66.23636,156228.905,71.057,-8.202
Hodge 301,,5.63813,-69.06668,163404.345,14.953,-7.759
R 136,,5.645111,-69.10094,163404.345,38.756,-10.409
SL 639,,5.661009,-69.19778,163404.345,12.779,-6.969
Hodge 6,,5.704805,-71.59097,163404.345,47.762,-6.409
NGC 2121,,5.803672,-71.4797,149379.621,69.359,-5.934
NGC 2173,,5.966221,-72.97867,158838.156,51.752,-6.558
NGC 2155,,5.975583,-65.47739,149053.465,55.655,-5.71
NGC 2203,,6.078505,-75.43781,156881.218,96.181,-7.121
NGC 2298,,6.816503,-36.00531,32061.172,238.453,-5.903
NGC 2419,,7.635686,38.88194,288550.547,2397.152,-9.174
Pyxis,,9.13246,-37.2266,119144.925,433.07,-4.613
NGC 2808,,9.200861,-64.86349,32811.332,523.579,-8.883
E 3,,9.349186,-77.28189,25701.123,65.101,-2.633
Pal 3,,10.092108,0.07167,309326.709,749.116,-5.325
NGC 3201,,10.293562,-46.41248,15459.812,268.557,-6.609
Pal 4,,11.487889,28.97337,330689.951,676.905,-5.8
Crater,,11.604583,-10.87697,480200.035,801.627,-5.1
NGC 4147,,12.168417,18.54264,60469.392,305.706,-6.051
NGC 4372,,12.429273,-72.65908,18623.529,241.388,-6.413
Ruprecht 106,,12.6445,-51.15028,67546.986,239.66,-5.531
M 68,,12.657772,-26.74406,33920.263,255.315,-7.095
BH 140,,12.898195,-67.17728,15688.122,168.851,-4.271
NGC 4833,,12.992756,-70.8765,21134.933,251.336,-6.868
M 53,,13.215347,18.16817,60338.93,596.997,-8.636
NGC 5053,,13.274192,17.70025,57207.829,298.89,-6.3
OME Cen,,13.446456,-47.4795694,17710.291,680.362,-10.174
M 3,,13.703228,28.37728,33202.719,421.557,-8.649
NGC 5286,,13.774114,-51.37425,36203.358,311.414,-7.877
AM 4,,13.939271,-27.16517,94617.965,94.096,-0.823
NGC 5466,,14.090914,28.53444,52576.408,250.162,-6.717
NGC 5634,,14.493689,-5.97643,84670.196,627.949,-7.562
NGC 5694,,14.660083,-26.53878,113632.882,745.659,-7.85
IC 4499,,15.005146,-82.21379,61610.94,359.816,-6.541
NGC 5824,,15.066277,-33.06814,103424.187,831.242,-8.646
Pal 5,,15.267945,-0.121,71558.709,162.198,-4.846
NGC 5897,,15.290111,-21.01012,40932.625,234.963,-7.013
M 5,,15.309227,2.08103,24396.497,265.133,-8.42
NGC 5927,,15.466858,-50.67303,26973.132,210.371,-6.848
NGC 5946,,15.59127,-50.65971,31441.475,153.554,-5.43
NGC 5986,,15.7675,-37.78642,34376.882,223.841,-7.414
FSR 1716,,16.175,-53.74889,24233.419,111.285,-1.295
Pal 14,,16.1835,14.95778,239985.863,149.412,-5.204
Lynga 7,,16.184347,-55.31778,25766.354,125.309,-4.618
M 80,,16.284003,-22.97608,33724.569,205.022,-7.643
RLGC 1,,16.285669,-44.59406,94063.499,555.934,-4.2
M 4,,16.393116,-26.52575,6033.893,175.929,-5.686156
NGC 6101,,16.430033,-72.20219,47129.597,290.116,-7.119
NGC 6144,,16.453851,-26.0235,26581.745,93.998,-5.316
NGC 6139,,16.461231,-38.84878,32746.1,191.486,-6.039
Terzan 3,,16.477499,-35.33983,24918.347,68.819,-3.825
M 107,,16.542183,-13.05378,18362.604,114.611,-5.473
ESO 452-SC11,,16.656945,-28.39917,24102.956,34.409,-2.583
M 13,,16.694787,36.45986,24200.803,424.884,-8.542
NGC 6229,,16.783017,47.5278,98205.685,624.72,-8.064
M 12,,16.787271,-1.94853,16666.591,148.793,-6.452
FSR 1735,,16.869611,-47.05806,29614.999,115.198,-0.41
NGC 6235,,16.890379,-22.17745,38943.071,120.45,-5.765
M 10,,16.952515,-4.10031,16536.128,175.342,-6.915
NGC 6256,,16.992407,-37.12097,23613.722,88.975,-3.739
Pal 15,,16.997507,-0.539,143834.963,340.866,-4.532
M 62,,17.020277,-30.11339,19667.23,167.677,-7.302
M 19,,17.043833,-26.26797,27201.442,129.419,-7.726
NGC 6284,,17.074674,-24.7648,46346.821,239.007,-6.773
Patchick 125,,17.083733,-35.496,37410.137,98.532,-2.668
NGC 6287,,17.085927,-22.70801,25864.201,73.744,-5.096
Patchick 126,,17.094055,-47.34222,26092.51,41.944,-0.095
NGC 6293,,17.1695,-26.58208,29973.771,78.897,-6.417
Gran 2,,17.192667,-24.849,51663.17,180.364,-3.439
NGC 6304,,17.242293,-29.46203,20058.617,88.943,-5.764
NGC 6316,,17.277028,-28.14011,36366.436,154.859,-6.226
M 92,,17.285384,43.13594,27723.292,368.557,-8.137
NGC 6325,,17.299755,-23.76768,24559.575,66.601,-3.484
M 9,,17.319939,-18.51626,27070.979,108.48,-6.945
NGC 6342,,17.352771,-19.58766,26125.126,48.826,-4.658
NGC 6356,,17.393053,-17.81303,51076.089,385.517,-7.654
NGC 6355,,17.399569,-26.35283,28212.527,47.521,-4.645
NGC 6352,,17.424752,-48.42217,18069.063,102.87,-5.658
IC 1257,,17.452362,-7.09306,86724.981,194.944,-3.314
Haute-Provence 3,,17.459195,-30.80233,25277.119,40.606,-1.337
NGC 6366,,17.462291,-5.07986,11219.779,123.45,-3.833
Haute-Provence 4,,17.510834,-31.59553,24755.269,51.207,-0.971
HP 1,,17.518111,-29.98167,22830.946,60.535,-3.155
FSR 1758,,17.52,-39.808,36170.742,358.772,-6.085
NGC 6362,,17.53194,-67.04833,24950.963,164.611,-6.968
Liller 1,,17.556822,-33.38956,26288.204,126.777,1.198
Ton 1,,17.574574,-39.06953,31343.628,131.245,-4.214
Haute-Provence 2,,17.596445,-30.48178,18493.067,124.657,-1.368
Ton 2,,17.6028,-38.5561,22798.331,70.287,-2.562
NGC 6388,,17.604785,-44.7355,36431.667,315.882,-8.42
M 14,,17.62671,-3.24592,29810.693,241.193,-6.935
NGC 6401,,17.643479,-23.9096,24266.035,51.565,-4.388
NGC 6397,,17.678359,-53.67434,8088.678,161.904,-6.522
Pal 6,,17.728387,-26.22499,22994.025,34.018,-2.641
NGC 6426,,17.748531,3.17014,67546.986,289.268,-5.451
Djor 1,,17.791305,-33.06639,32224.25,82.713,-1.894
Terzan 5,,17.801347,-24.77906,21591.552,167.188,-1.744
NGC 6440,,17.814678,-20.36042,26907.901,110.502,-5.612
Gran 5,,17.8152,-24.17,16014.278,70.156,-1.345
NGC 6441,,17.836961,-37.05145,41519.707,353.26,-8.404
Haute-Provence 5,,17.846217,-31.27539,23711.569,45.303,0.162
NGC 6453,,17.847701,-34.59848,32843.947,107.371,-5.825
UKS 1,,17.907554,-24.14528,50815.164,156.653,1.327
VVV-CL001,,17.911805,-24.01472,26353.435,118.786,-0.337
ESO 456-SC29,,17.976733,-32.02,26973.132,62.133,-2.178
NGC 6496,,17.984357,-44.26595,31441.475,94.977,-6.27
Terzan 9,,18.027445,-26.83972,18819.223,103.098,-1.076
ESO456-SC38,,18.030292,-27.82582,28571.299,50.326,-4.013
NGC 6517,,18.030717,-8.95878,30104.234,154.468,-4.136
Terzan 10,,18.049389,-26.06694,33300.566,135.518,-0.315
NGC 6522,,18.059464,-30.03397,23776.8,50.098,-6.034
NGC 6535,,18.06403,-0.29764,20743.546,80.561,-3.917
NGC 6528,,18.080447,-30.05578,25538.044,35.812,-4.759
NGC 6539,,18.080485,-7.58586,26614.36,146.314,-4.618
Djorg 3,,18.102377,-27.76529,19275.842,74.07,-4.118
VVV-CL160,,18.115833,-20.01111,22178.634,63.666,1.437
NGC 6544,,18.122255,-24.99822,8414.835,155.74,-4.198
NGC 6541,,18.133989,-43.71489,24820.5,122.048,-7.797
2MASS-GC01,,18.13939,-19.82972,10991.47,99.282,-6.11
ESO 280-SC06,,18.151667,-46.42333,68329.761,248.042,-4.376
NGC 6553,,18.154866,-25.90807,17384.135,156.001,-5.594
2MASS-GC02,,18.16014,-20.77889,17938.601,51.207,-4.86
NGC 6558,,18.171598,-31.76451,25407.582,29.158,-4.798
Pal 7,,18.178963,-7.2076,14840.115,123.124,-3.37
Terzan 11,,18.204389,-22.74194,16862.285,81.18,0.253
NGC 6569,,18.227445,-31.82689,34344.267,139.954,-6.212
AL 3,,18.235167,-28.635,19960.77,67.286,-2.674
NGC 6584,,18.310443,-52.21578,44389.883,193.9,-6.909
NGC 6624,,18.394586,-30.36103,26157.741,54.86,-6.491
M 28,,18.409136,-24.86985,17514.597,154.663,-6.8
NGC 6638,,18.515582,-25.49747,31898.094,94.748,-6.162
M 69,,18.523083,-32.34808,29027.918,78.93,-7.127
NGC 6642,,18.531731,-23.4756,26255.588,52.903,-4.879
NGC 6652,,18.596008,-32.99072,30854.393,57.73,-5.959
M 22,,18.606651,-23.90475,10763.16,250.553,-7.533
Pal 8,,18.691819,-19.82886,36920.902,120.58,-5.159
M 70,,18.720211,-32.29211,30528.237,89.595,-6.946
RLGC 2,,18.757825,-5.19258,51695.786,313.306,-2.14
NGC 6712,,18.884535,-8.70596,24070.341,108.447,-5.74
M 54,,18.91759,-30.47986,85713.896,910.466,-9.528
Pal 9,,18.918345,-22.70147,24526.96,58.121,-5.401
NGC 6723,,18.992541,-36.63225,26973.132,125.701,-7.378
NGC 6749,,19.087604,1.89976,24755.269,205.348,-3.491
NGC 6752,,19.18114,-59.98455,13437.643,216.6,-7.724
NGC 6760,,19.186685,1.03047,27429.751,239.464,-5.734
M 56,,19.276546,30.18347,34018.11,300.618,-6.941
Terzan 7,,19.295532,-34.65772,79190.769,202.347,-5.076
Pal 10,,19.300582,18.57167,29158.38,206.718,-2.387
Arp 2,,19.478921,-30.35564,93704.727,283.887,-5.642
M 55,,19.666585,-30.96475,17449.366,169.699,-7.352
Terzan 8,,19.695669,-33.99947,89823.466,352.934,-6.15
Pal 11,,19.754,-8.00722,45727.124,106.914,-3.874
Sagittarius II,,19.877647,-22.06525,216991.838,1252.93,-5.075
M 71,,19.896249,18.77919,13046.255,133.561,-5.85
M 75,,20.101319,-21.92116,66927.289,508.869,-8.051
NGC 6934,,20.569826,7.40447,51271.783,290.899,-7.242
M 72,,20.891028,-12.53731,54337.653,176.092,-6.788
NGC 7006,,21.024842,16.18732,128244.688,549.769,-7.283
Laevens 3,,21.115113,14.9805,201466.795,169.536,-2.854
M 15,,21.499536,12.167,34931.3479999999,430.95,-8.869
M 2,,21.557505,-0.82325,38127.681,361.283,-8.859
M 30,,21.672809,-23.17986,27592.83,232.223,-7.267
Pal 12,,21.777453,-21.25261,60306.314,208.577,-4.345
Pal 13,,23.112346,12.77154,76581.517,122.798,-2.963
NGC 7492,,23.140745,-15.61147,79549.541,279.483,-5.796
